Privacy Text,Score
We are unable to respond to Do Not Track signals set by your browser at this time.,1
"These tracking technologies collect information about how you use the Service (e.g., the pages you view, the links you click, and other actions you take on the Service).",1
We and our third-party partners may also use cookies and tracking technologies for advertising purposes.,1
Company may share data collected from or about you with its third party partners to facilitate the program or services being offered.,1
"In the event that the company is involved in a merger, acquisition, bankruptcy, change of control, or any form of sale of some or all of our assets, your personal information may be transferred or disclosed in connection with such a business transaction.",1
These third party ad networks use tracking technologies to recognize your browser or device and to collect information about your visit to our Service.,1
"Please note that removal of your content or information does not ensure complete or comprehensive removal, as there may be de-identified or recoverable elements of your content or information on our servers in some form.",1
"We also collect the content you create, upload, or receive from others when using our services. This includes things like email you write and receive, photos and videos you save, docs and spreadsheets you create, and comments you make on YouTube videos.",1
We collect purchase history.,1
We collect information about people with whom you communicate or share content.,1
We collect voice and audio information when you use audio features.,1
"If you use our services to make and receive calls or send and receive messages, we may collect call and message log information like your phone number, calling-party number, receiving-party number, forwarding numbers, sender and recipient email address, time and date of calls and messages, duration of calls, routing information, and types and volumes of calls and messages.",1
"When you’re not signed in to a Google Account, we store the information we collect with unique identifiers tied to the browser, application, or device you’re using.",1
"Depending on your settings, we may also show you personalized ads based on your interests.",1
"Depending on your account settings, your activity on other sites and apps may be associated with your personal information in order to improve Google’s services and the ads delivered by Google.",1
"We provide personal information to our affiliates and other trusted businesses or persons to process it for us, based on our instructions and in compliance with our Privacy Policy and any other appropriate confidentiality and security measures.",1
Do not currently respond to DNT signals.,1
"We do not promise, and you should not expect, that your personal information will always remain secure.",1
"These partners provide information about your activities off Facebook – including information about your device, websites you visit, purchases you make, the ads you see and how you use their services – whether or not you have a Facebook account or are logged in to Facebook.",1
"We use the information about your interests, actions and connections – to select and personalise ads, offers and other sponsored content that we show you.",1
"We use location-related information – such as your current location, where you live, the places you like to go, and the businesses and people you're near – to provide, personalise and improve our products, including ads, for you and others.",1
"We use the information we have (including your activity off our Products, such as the websites you visit and ads you see) to help advertisers.",1
"We also receive information when you view content on or otherwise interact with the Platform, even if you have not created an account. ",1
"We use cookies, log files, pixel tags, local storage objects, and other tracking technologies to automatically collect information about your activities, such as your searches, page views, date and time of your visit.",1
"We may also receive information about you from third parties, such as other users, partners (including ad partners), or our affiliated companies.",1
"We use Pixels, web beacons, clear GIFs etc in our emails to let us know when they have been opened or forwarded, so we can gauge the effectiveness of our communications.",1
"When you communicate with us (via email, phone, text message, through the Platform, or otherwise), we may maintain a record of your communication.",1
"We collect browsing information – such as IP address and location, date and time stamp, user agent, cookie ID (if applicable), URL, unique advertising or content identifiers (if applicable) and time zone, and other information about user activities on the Platform, as well as on third-party sites and services that have embedded our pixels (“Pixels”), widgets, plug-ins, buttons, or related services.",1
"We collect the content you submit to the Services. This includes your posts and comments including saved drafts, videos you broadcast via RPAN, your messages with other users (e.g., private messages, chats, and modmail), and your reports and other communications with moderators and with us. ",1
"We may receive location information from you when you choose to share such information on our Services, including by associating your content with a location, or we may derive your approximate location from other information about you, including your IP address.",1
"We may receive demographic or interest information about you from third parties, including advertisers (such as the fact that an advertiser is interested in showing you an ad), and combine it with our own data using a common account identifier such as a hash of an email address or a mobile-device ID.",1
"If you link your account with a third-party service, Platform will share the information you authorize with that third-party service.",1
"Unless otherwise noted, the amended Terms will be effective immediately, and your continued use of our Services and Software will confirm your acceptance of the changes.",1
We can remove any content you post for any reason.,1
"If you post Member Content to our Services, you hereby grant us a perpetual (i.e. lasting forever), worldwide, irrevocable, non-exclusive, royalty-free and fully sublicensable (i.e. we can grant this right to others) license to use, reproduce, display, perform, adapt, modify, create derivative works from, distribute, have distributed and promote such Member Content in any form.",1
You irrevocably waive any claims and assertions of moral rights or attribution with respect to Your Content.,1
"To use, copy, modify, adapt, prepare derivative works of, distribute, store, perform, and display Your Content and any name, username, voice, or likeness provided in connection with Your Content in all media formats and channels now known or later developed anywhere in the world.",1
"You must provide your legal name, pseudonyms are not allowed.",1
"We reserve the right to refuse service, terminate accounts, terminate your rights to use our services, remove or edit content, or cancel orders at our sole discretion.",1
"We may retain, but not display, distribute, or perform, server copies of your videos that have been removed or deleted.",1
We may use cookies to show you relevant advertising both on and off the LinkedIn site. We may also use a cookie to learn whether someone who saw an ad later visited and took an action (e.g. downloaded a white paper or made a purchase) on the advertiser’s site. ,1
"Our partners may use a cookie to determine whether we’ve shown an ad and how it performed, or provide us with information about how you interact with ads.",1
"Services may provide information and software that is inaccurate, incomplete, misleading, illegal, offensive, or otherwise harmful.",1
"You give us permission to use your name and profile picture and information about actions you have taken on our Platform next to or in connection with ads, offers, and other sponsored content that we display across our Products, without any compensation to you.",1
We have a legitimate interest in using information we collect to customize your experience based on your offsite behavior. ,1
This agreement contains a mandatory arbitration of disputes provision that requires the use of arbitration on an individual basis to resolve disputes.,1
"We do not warrant the quality of any products, services, information, or other material purchased or obtained by you.",1
"For external processing, We provide personal information to our affiliates and other trusted businesses or persons to process it for us.",1
We keep some of your data even after you close your account.,1
We also retain the right to create limits on use and storage at our sole discretion at any time.,1
"recipients have their own copy of your communications - even if you delete your copy of those messages from your account - which they may duplicate, store, or re-share",1
"Subject to your settings, we may collect, use, and store additional information about your location - such as your current precise position or places where you’ve previously used the service.",1
"Third parties may also collect other personal data from you, such as cookie identifiers or your IP address.",1
we may automatically collect and store certain information about you and the activity you engaged in,1
"We collect technical information associated with your activity on our Site and may include information related to your browser and operating system, IP address (the Internet address of your computer) unique device identifiers, and other information such as your device type.",1
"If you received your account from a third party, the third party may have additional rights over your account, like the ability to access or delete your account.",1
We may provide your personally identifiable information and the data generated by cookies and the aggregate information to the vendors and service agencies that we may engage to assist us in providing our services to you for their use solely to provide us with such assistance.,1
This service uses your personal information for many different purposes.,1
Deleting your Account may not fully remove the content you have published.,1
"We may look at what site you came from, or what site you visit when you leave us.",1
"This information also includes the kind of content or ads served, viewed or clicked on, the frequency and duration of your activities, the sites or apps you used before accessing our Services and where you went next.",1
"These logs contain the time of visit, page requested, possibly referral data, and located in a separate log browser information.",1
"The company may suspend or terminate your Membership at any time, without warning, or may limit your access to the Website content, or to a part of it.",1
"The company  may immediately terminate these Terms or any Services with respect to you, or generally cease offering or deny access to the Services or any portion thereof, at any time for any reason.",1
"The service reserves the right to investigate and/ or terminate your account without a refund of any purchases if you have violated this Agreement, misused the Service or behaved in a way that the service regards as inappropriate or unlawful, including actions or communications that occur on or off the Service.",1
"The information collected by the service is used for the purpose of troubleshooting, targeting ads and measuring ad effectiveness on behalf of advertisers.",1
We share your Personal Data with advertising and analytical companies to deliver information relevant to you about new features and offers.,1
We also allow specific partners to collect information from your browser or device for advertising and measurement purposes using their own cookies or similar technologies.,1
"We use common information-gathering tools, such as cookies, pixel tags and Web beacons, to collect information about your general internet usage.",1
"You agree to waive, and do waive, any legal or equitable right or remedy you may have against us.",1
"Finally, you irrevocably waive, and cause to be waived, against the service and its users any claims and assertions of moral rights or attribution with respect to Your Content.",1
You also warrant that all moral rights in any material that you submit to us or post have been waived.,1
The data sharing may include transfers to companies or organizations in countries without an adequate standard of data protection.,1
"Data we collect may be transferred to, stored and processed in any country or territory where one or more of our Guardian group companies or service providers are based or have facilities.",1
"We transfer your personal information to the US and other countries, which may be outside the country in which you live.",1
"This license will apply to any form, media, or technology now known or hereafter developed, and includes our use of your name, company name, and franchise name, as applicable, and any of the trademarks, service marks, trade names, logos, and personal and commercial images you provide.",1
"You also grant to Listia the right to use your name in connection with the submitted materials and other information as well as in connection with all advertising, marketing and promotional material related thereto.",1
"You irrevocably grant us a world-wide, non-exclusive, royalty-free, perpetual, non-cancelable, sublicensable license to reproduce, publicly perform, publicly display, distribute, adapt, modify, publish, translate, create derivative works of and otherwise exploit User Submissions for any purpose, including without limitation any purpose contemplated by the Website and these Terms.",1
"Display your content and any name, username, voice, or likeness provided in connection with Your Content in all media formats and channels now known or later developed.",1
"Company shall have the right to monitor and/or record your communications when you use the Platform, and you acknowledge and agree that when you use the Platform, you have no expectation that your communications will be private.",1
It reserves the right in its sole discretion to remove or edit User Content by you,1
"We may impose usage or Service limits, suspend Service, terminate VPN accounts, or block certain kinds of usage in our sole discretion to protect Subscribers or the Service.",1
We also retain the right to create limits on use and storage at our sole discretion at any time.,1
Company reserves the right to amend these Terms of Service at any time and without notice.,1
"You agree to defend, indemnify, and hold the service harmless in case of a claim related to your use of the service.",1
Any content you add or any change that you make to the website will be publicly and permanently available.,1
Your profile is combined across various products.,1
The placing of these technologies on your device may enable you to be identified across multiple websites and online services.,1
We may collect information about your activity on third-party services that use cookies provided by us.,1
The service may collect extra data about you through promotions.,1
We may also collect information from advertising platforms and partners and other third parties such as information about purchases and interests.,1
"We share this information with certain third-parties (e.g., talent recruiters, payment processors, and advertising providers)",1
"If for any reason we transfer or divest ourselves of our business assets, our customer information may be transferred as one of these business assets.",1
"We cannot ensure or warrant the security of any information you provide to us. To the fullest extent permitted by applicable law, we do not accept liability for unauthorized disclosure.",1
"Permission to use your username, profile picture, and information about your relationships and actions with accounts, ads, and sponsored content. You give us permission to show your username, profile picture, and information about your actions (such as likes) or relationships (such as follows) next to or in connection with accounts, ads, offers, and other sponsored content that you follow or engage with that are displayed on Products, without any compensation to you. ",1
"By submitting any Feedback, you grant us the right to use the Feedback without any restriction or any compensation to you.",1
"We automatically collect Internet Protocol addresses (“IP Address”), a unique user ID, device and browser types and identifiers, referring to and exit page addresses.",1
We may also use your collected information to customize such marketing messages as well as collect information on whether you opened such messages and which links in their text you followed.,1
"We also collect the content you create, upload, or receive from others when using our services. This includes things like email you write and receive, photos and videos you save, docs and spreadsheets you create, and comments you make on videos.",1
"Our ad management partners (""Ad Partners""), however, may collect information from you directly when you visit our website, using technologies like cookies and web beacons. ",1
We do not sell your personal information to third parties.,0
We established ourselves as a not-for-profit organization so that our mission of education and your trust will not be in conflict with a for-profit motive.,0
"We take extra precautions for our younger learners under the age of 13, including restricting child accounts to automatically block features that would allow a child to post or disclose personal information.",0
We do not display advertising on the service.,0
We don't collect the precise geolocation of you or your device.,0
You may be able to change the settings on your computer or mobile device to prevent it from providing us with any location information.,0
We will also not be able to delete information associated with School User accounts that the School User has associated with a personal account.,0
Please note that the service cannot comply with a School's request to delete personal information in a user account except for School User accounts created by a School.,0
Choosing whether we share your personal information with other companies so they can send you offers and promotions about their products and services.,0
"Choosing to control targeted advertising you receive within applications by using the settings and choices made available to you through your device(s), for example, by re-setting your device’s advertising identifier and/or opting out of interest-based ads.",0
"If collection of personal information is mandatory, we will make that clear at the point of collection so that you can make an informed decision on whether to participate.",0
"We don’t show you personalized ads based on sensitive categories, such as race, religion, sexual orientation, or health.",0
"We don’t share information that personally identifies you with advertisers, such as your name or email unless you ask us to.",0
Decide what types of activity you’d like saved in your account.,0
Control what others see about you across Google services.,0
"If the service is involved in a merger, acquisition, or sale of assets, we’ll continue to ensure the confidentiality of your personal information and give affected users notice before personal information is transferred or becomes subject to a different privacy policy.",0
You may remove your Content from the Service at any time.,0
You may stop using the Service at any time.,0
You also have the option to download a copy of your data.,0
"When the Service requires or includes downloadable software, you give permission for that software to update automatically on your device once a new version or feature is available, subject to your device settings.",0
Keep in mind that information that others have shared about you is not part of your account and will not be deleted when you delete your account.,0
We’ll notify you before we make changes to this policy and give you the opportunity to review and comment on the revised policy before continuing to use our Services.,0
You can choose to not provide us with Personal Information.,0
"You may revoke the service’s access to your account on any Integrated Service, at any time by updating the appropriate settings in the account preferences of the respective Integrated Service.",0
You can choose not to receive these emails by clicking the unsubscribe link in any e-mail or via your Settings page.,0
We will clearly and transparently disclose our data policies and practices to our users.,0
We do not disclose records for targeted advertising purposes.,0
We will not make any material changes to our Privacy Policy or contractual agreements that relate to the collection or use of records without first giving notice to the School and providing a choice before the Student Records are used in a materially different manner than was disclosed when the information was collected.,0
We do not read or listen to the content of your messages and/or calls made privately.,0
We do not store those messages once they have been delivered to their destination.,0
"If for some reason the message wasn’t delivered to its destination within up to 2 weeks, it will be deleted from our servers. ",0
"We also don't want your personal information for any longer than we need it, so we only keep it long enough to do what we collected it for. Once we don't need it, we take steps to destroy it unless we are required by law to keep it longer.",0
"You can control individual cookie preferences, indicate your cookie preferences to others, and opt out of web analytics and optimization tools.",0
"If you have configured your browser to send a “Do Not Track” signal when accessing our websites, the service will not utilize any of the tools described in the Metrics section.",0
The service always asks before determining and sharing your location with a requesting website.,0
The web add-on does not collect any data.,0
The service has written agreements in place with these companies (third parties) contractually obligating them to protect your information.,0
The service does not receive or store your payment details.,0
"If the service crashes, we will ask you to share a report with more detailed information about the crash, but you always have the choice to decline.",0
You can configure your browser to refuse all cookies or to indicate when a cookie is being sent.,0
You can edit or delete your account at any time.,0
We do not receive your credit card number or other financial information.,0
"We use Internet log files (which contain technical data such as your IP address) to monitor traffic on our Services, troubleshoot technical problems, detect and prevent fraud, and enforce our User Agreement.",0
You can stop all information collection by an app by uninstalling it using the standard uninstall process for your device.,0
You can also use the service under a pseudonym if you prefer not to use your name.,0
"We give you control through your settings to limit the data we collect from you and how we use it, and to control things like account security, marketing preferences, apps that can access your account, and address book contacts you’ve uploaded to the service.",0
"We give you transparency into that information, and you can modify or correct it at any time.",0
"We use your contact information, such as your email address or phone number, to authenticate your account and keep it - and our services - secure, and to help prevent spam, fraud, and abuse.",0
"We will use information from that service, including your email address, friends, or contacts list, to recommend other accounts or content to you or to recommend your account or content to others.",0
We share the content of your Direct Messages with the people you’ve sent them to; we do not use them to serve you ads.,0
Your Privacy and safety settings let you decide whether your Tweets are publicly available on the service.,0
We collect information about your preferences to make your use of the Site more productive through the use of cookies.,0
We don’t claim ownership of Your Content. ,0
Your Content remains Your Content and you are responsible for it.,0
"We do not use what you say in email, chat, video calls or voice mail, or your documents, photos, or other personal files, to target advertising to you.",0
You cannot transfer your Microsoft account credentials to another user or entity.,0
"We may suspend the Services or terminate the Agreement if you, your users, or attendees are using the Services in a manner that is likely to cause harm to us.",0
"You will be notified and we'll provide clear reasoning, and we hope to work with you to resolve the problem so your account can be reactivated.",0
IP addresses of website visitors are not tracked.,0
"Furthermore, our website visit statistics tool is configured to anonymize visitor IP address data by not storing the last digits of all IP addresses. ",0
"We also never store connection logs, meaning no logs of your IP address, your outgoing VPN IP address, connection timestamp, or session duration.",0
"If you choose not to create an account and don’t use push notifications, no data is stored about you on our servers.",0
You may cancel your Paid Account at any time. ,0
You may discontinue your use of Presearch services at any time.,0
We do not use cookies to collect Personal Information.,0
Cookies are not used to identify you personally and are not used for any purpose other than those described here.,0
No data that identifies you or that can be linked to you as an individual leaves the browser on your device.,0
"The service shares your personal data only when it is necessary to offer the Service, legally required, or permitted by you.",0
You can choose for us not to share your information with other sites to personalize those ads as described in the “Choices you have about your information” section.,0
You may opt out of receiving some or all categories of promotional communications from us by following the instructions in those communications or by updating your email options in your account preferences here.,0
"You can also use Download My Data to obtain a copy of the information that isn’t available in our apps in a portable format, so you can move it or store it wherever you want.",0
"You can request copies of paper and electronic records (including recorded calls, where applicable) about you that we hold, share or use.",0
This service allows you to retrieve an archive of your data.,0
We’ll only contact you when we need to or when you’ve given us permission.,0
You can decide whether we’ll show you personalized ads or not through your in-app Privacy Settings.,0
The service will not collect mobile phone numbers and names associated with such mobile phone numbers of the persons in such user’s contact lists and/or address books.,0
You are not required to provide the personal data that we have requested.,0
The service uses your personal data only when we have a valid legal basis to do so.,0
The service does not use algorithms or profiling to make any decision that would significantly affect you without the opportunity for human review.,0
"If you prefer that the service not use cookies, we provide you with the means to disable their use.",0
Our service sets cookies expressly for the purpose of security. These cookies do not contain any personally identifiable information.,0
No cookies are used by default.,0
We do not store any personal information in the cookie.,0
Our service sets cookies expressly for the purpose of security.,0
We do not do any targeted advertising or any profiling.,0
"If you believe that we have not been able to assist with your complaint or concern, and you are located in the EEA, you have the right to lodge a complaint with the competent supervisory authority.",0
"In many countries, you have a right to lodge a complaint with the appropriate data protection authority if you have concerns about how NGS processes your personal data.",0
"In case of a violation of your rights, you have the right to lodge a complaint to a competent supervisory authority.",0
You are entitled to lodge a complaint with a competent data protection regulator if you consider that we have breached your data protection rights.,0
You may withdraw your consent for a specific purpose or object to the processing of your personal information at any time.,0
Complete details on each type of Personal Data collected are provided in the dedicated sections of this privacy policy or by specific explanation texts displayed prior to the Data collection.,0
We may delete inactive accounts and associated projects and repositories after a period of twelve (12) months.,0
"The service does not intentionally collect sensitive personal information, such as social security numbers, genetic data, health information, or religious information.",0
"We use Anonymous Information such as web or mobile pages you have viewed, in order to analyze request and usage patterns so that we may improve our products and services, enhance our user experience, and gather broad demographic information for aggregate use.",0
We will not disclose financial information that is part of your Personal Information unless you request or authorize that we do so.,0
This service provides archives of their terms of service so that changes can be viewed over time.,0
You may not assign your agreement with the company.,0
You may also refer a complaint to your local data protection authority and we will work with them to resolve your concern.,0
We will not reduce your rights under this Privacy Policy without your explicit consent.,0
"We always indicate the date the last changes were published and if changes are significant, we’ll provide a more prominent notice.",0
This may involve the use of cookies which is explained in our Cookie Policy.,1
"We share this information with certain third-parties (e.g., talent recruiters, payment processors, and advertising providers) in order to provide you with our Products and Services.",1
"Often, you can choose what information to provide, but sometimes we require personal information from you to carry out certain activities such as account verification or registration.",0
We need to collect your personal information for account registration purposes.,1
Please see our cookie policy for additional information on how we use cookies and what third party cookies we permit.,0
We will only use these cookies with your permission when you accept our use of the cookies.,0
"Advertising: We use cookies to enable advertising with our third-party Partners, which in turn allows us to provide many of our services free of charge.",1
We will transfer personal information only to countries to which we are permitted by law to transfer personal information and we will continue to ensure that your personal information is appropriately safeguarded.,0
Third-Party Cookies: Our services also include cookies from third parties that we partner with or which provide services us.,1
"Depending on how you interact with us, we will collect and process your personal information as shown in the table below.",1
"We collect and process your personal information in order to offer the Network, and to offer you our Products and Services.",1
"Where you have given us consent to process the information, which you can withdraw at any time.",0
This information is stored in secure logs and is collected automatically.,1
"When Stack Overflow shares your personal information and other collected information with third party service providers, we require that they use your information only for the purpose of providing services to us and consistent with this privacy policy.",0
We may use these standard contractual clauses when transferring personal information outside of the European Union.,1
"We use cookies, which are small text files that collect and track certain technical information, and similar technologies to help us operate and provide our Services to you.",1
We will collect and use your personal information in accordance with this Privacy Policy and the Privacy Notice for the Public website if applicable.,1
Below we describe the ways in which we may use cookies.,1
We keep most of your personal data for as long as your account is open.,1
"If you choose to close your LinkedIn account, your personal data will generally stop being visible to others on our Services within 24 hours.",0
We will share your personal data with our affiliates to provide and develop our Services.,1
"You may withdraw your consent at any time, but that will not affect the lawfulness of the processing of your personal data prior to such withdrawal.",1
We also use cookies to provide aggregated information to our customers and partners as part of our Services.,1
Third parties may use cookies to help us to provide our Services.,1
We also allow some others to use cookies as described in our Cookie Policy.,1
"We also use other tracking technologies, such as mobile advertising IDs and tags for similar purposes as described in this Cookie Policy.",1
We use cookies to recognize you when you visit our Services.,1
